key	files	total_fires
view_control.dart:3847:0	621	4861
view_element.dart:1711:0	600	9311
view_control.dart:394:0	94	1894
view_mensural.dart:522:0	51	5232
view_control.dart:1588:0	49	704
view_control.dart:1749:0	43	627
view_control.dart:1801:0	43	627
view_mensural.dart:948:0	19	2858
view_mensural.dart:345:0	19	668
view_mensural.dart:349:0	19	668
view_element.dart:723:0	12	1030
view_element.dart:830:0	12	1030
view_element.dart:834:0	12	1030
view_control.dart:4467:0	12	100
view_control.dart:1645:0	8	124
view_control.dart:4026:0	8	115
view_control.dart:3961:0	8	105
view_control.dart:4043:0	8	90
view_control.dart:4154:0	4	40
view_control.dart:4157:0	4	40
view_control.dart:4131:0	4	40
view_control.dart:829:0	4	40
view_control.dart:839:0	4	35
view_element.dart:3252:0	1	232
view_element.dart:3256:0	1	232
view_element.dart:3060:0	1	49
view_control.dart:4092:0	1	30
view_control.dart:4095:0	1	30
view_control.dart:561:0	1	30
view_control.dart:565:0	1	30
view_control.dart:590:0	1	30
view_control.dart:593:0	1	30
view_control.dart:1132:0	1	21
view_control.dart:1179:0	1	21
view_control.dart:4227:0	1	14
view_control.dart:1039:0	1	7
view_control.dart:1042:0	1	7
